<Settings>
  <Setting>
    <Name>ProviderName</Name>
    <Type>String</Type>
    <Help>Sets the menu provider used to render the  menu, defaults to SolpartMenuNavigationProvider</Help>
    <Value>SolpartMenuNavigationProvider, DNNMenuNavigationProvider,DNNTreeNavigationProvider, DNNDropDownNavigationProvider, ASP2MenuNavigationProvider</Value>
  </Setting>
  <Setting>
    <Name>Level</Name>
    <Type>String</Type>
    <Help>Defines what level needs to be used to render the menu, default value is "root"</Help>
    <Value>root, child, parent, same</Value>
  </Setting>
  <Setting>
    <Name>ToolTip</Name>
    <Type>String</Type>
    <Help>Defines what value to use for tooltips. Default value is "none"</Help>
    <Value>none, name, title, description</Value>
  </Setting>
  <Setting>
    <Name>PopulateNodesFromClient</Name>
    <Type>Boolean</Type>
    <Help>Sets whether to use AJAX to render the  menu</Help>
    <Value>True, False</Value>
  </Setting>
  <Setting>
    <Name>ExpandDepth</Name>
    <Type>Integer</Type>
    <Help>Sets the depth of the menu. Needs to be set at least to 1 in order for the menu to render</Help>
    <Value></Value>
  </Setting>
  <Setting>
    <Name>StartTabId</Name>
    <Type>Integer</Type>
    <Help>Defines which TabId uses as root menu item, default value is -1</Help>
    <Value></Value>
  </Setting>
  <Setting>
    <Name>PathSystemScript</Name>
    <Type>String</Type>
    <Help>Optional override location for the scripts that drive the menu</Help>
    <Value></Value>
  </Setting>
  <Setting>
    <Name>PathSystemImage</Name>
    <Type>String</Type>
    <Help></Help>
    <Value></Value>
  </Setting>
  <Setting>
    <Name>PathImage</Name>
    <Type>String</Type>
    <Help></Help>
    <Value></Value>
  </Setting>
  <Setting>
    <Name>WorkImage</Name>
    <Type>String</Type>
    <Help></Help>
    <Value></Value>
  </Setting>
  <Setting>
    <Name>ControlOrientation</Name>
    <Type>String</Type>
    <Help>The orientation of the menu, default is Horizontal, usage depends on the provider used</Help>
    <Value>Horizontal, Vertical</Value>
  </Setting>
  <Setting>
    <Name>ControlAlignment</Name>
    <Type>String</Type>
    <Help>The alignment of the control, usage depends on the provider used</Help>
    <Value>Left, Right, Center, Justify</Value>
  </Setting>
  <Setting>
    <Name>ForceCrawlerDisplay</Name>
    <Type>String</Type>
    <Help>Defines wether to force rendering for crawlers</Help>
    <Value>True, False</Value>
  </Setting>
  <Setting>
    <Name>ForceDownLevel</Name>
    <Type>String</Type>
    <Help>Defines wether to force rendering for old (downlevel) browsers</Help>
    <Value>True, False</Value>
  </Setting>
  <Setting>
    <Name>MouseOutHideDelay</Name>
    <Type>String</Type>
    <Help></Help>
    <Value></Value>
  </Setting>
  <Setting>
    <Name>MouseOverDisplay</Name>
    <Type>String</Type>
    <Help></Help>
    <Value></Value>
  </Setting>
  <Setting>
    <Name>MouseOverDisplay</Name>
    <Type>String</Type>
    <Help></Help>
    <Value>Highlight, None, Outset</Value>
  </Setting>
  <Setting>
    <Name>MouseOverDisplay</Name>
    <Type>String</Type>
    <Help></Help>
    <Value>True, False</Value>
  </Setting>
  <Setting>
    <Name>IndicateChildren</Name>
    <Type>String</Type>
    <Help></Help>
    <Value>True, False</Value>
  </Setting>
  <Setting>
    <Name>IndicateChildImageRoot</Name>
    <Type>String</Type>
    <Help></Help>
    <Value>True, False</Value>
  </Setting>
  <Setting>
    <Name>IndicateChildImageSub</Name>
    <Type>String</Type>
    <Help></Help>
    <Value>True, False</Value>
  </Setting>
  <Setting>
    <Name>IndicateChildImageExpandedRoot</Name>
    <Type>String</Type>
    <Help></Help>
    <Value>True, False</Value>
  </Setting>
  <Setting>
    <Name>IndicateChildImageExpandedSub</Name>
    <Type>String</Type>
    <Help></Help>
    <Value>True, False</Value>
  </Setting>
  <Setting>
    <Name>NodeLeftHTMLRoot</Name>
    <Type>String</Type>
    <Help></Help>
    <Value></Value>
  </Setting>
  <Setting>
    <Name>NodeRightHTMLRoot</Name>
    <Type>String</Type>
    <Help></Help>
    <Value></Value>
  </Setting>
  <Setting>
    <Name>NodeLeftHTMLSub</Name>
    <Type>String</Type>
    <Help></Help>
    <Value></Value>
  </Setting>
  <Setting>
    <Name>NodeRightHTMLSub</Name>
    <Type>String</Type>
    <Help></Help>
    <Value></Value>
  </Setting>
  <Setting>
    <Name>NodeLeftHTMLBreadCrumbRoot</Name>
    <Type>String</Type>
    <Help></Help>
    <Value></Value>
  </Setting>
  <Setting>
    <Name>NodeLeftHTMLBreadCrumbSub</Name>
    <Type>String</Type>
    <Help></Help>
    <Value></Value>
  </Setting>
  <Setting>
    <Name>NodeRightHTMLBreadCrumbRoot</Name>
    <Type>String</Type>
    <Help></Help>
    <Value></Value>
  </Setting>
  <Setting>
    <Name>NodeRightHTMLBreadCrumbSub</Name>
    <Type>String</Type>
    <Help></Help>
    <Value></Value>
  </Setting>
  <Setting>
    <Name>SeparatorHTML</Name>
    <Type>String</Type>
    <Help></Help>
    <Value></Value>
  </Setting>
  <Setting>
    <Name>SeparatorLeftHTML</Name>
    <Type>String</Type>
    <Help></Help>
    <Value></Value>
  </Setting>
  <Setting>
    <Name>SeparatorRightHTML</Name>
    <Type>String</Type>
    <Help></Help>
    <Value></Value>
  </Setting>
  <Setting>
    <Name>SeparatorLeftHTMLActive</Name>
    <Type>String</Type>
    <Help></Help>
    <Value></Value>
  </Setting>
  <Setting>
    <Name>SeparatorRightHTMLActive</Name>
    <Type>String</Type>
    <Help></Help>
    <Value></Value>
  </Setting>
  <Setting>
    <Name>SeparatorLeftHTMLBreadCrumb</Name>
    <Type>String</Type>
    <Help></Help>
    <Value></Value>
  </Setting>
  <Setting>
    <Name>SeparatorRightHTMLBreadCrumb</Name>
    <Type>String</Type>
    <Help></Help>
    <Value></Value>
  </Setting>
  <Setting>
    <Name>CSSControl</Name>
    <Type>String</Type>
    <Help></Help>
    <Value></Value>
  </Setting>
  <Setting>
    <Name>CSSContainerRoot</Name>
    <Type>String</Type>
    <Help></Help>
    <Value></Value>
  </Setting>
  <Setting>
    <Name>CSSNode</Name>
    <Type>String</Type>
    <Help></Help>
    <Value></Value>
  </Setting>
  <Setting>
    <Name>CSSIcon</Name>
    <Type>String</Type>
    <Help></Help>
    <Value></Value>
  </Setting>
  <Setting>
    <Name>CSSContainerSub</Name>
    <Type>String</Type>
    <Help></Help>
    <Value></Value>
  </Setting>
  <Setting>
    <Name>CSSNodeHover</Name>
    <Type>String</Type>
    <Help></Help>
    <Value></Value>
  </Setting>
  <Setting>
    <Name>CSSBreak</Name>
    <Type>String</Type>
    <Help></Help>
    <Value></Value>
  </Setting>
  <Setting>
    <Name>CSSIndicateChildSub</Name>
    <Type>String</Type>
    <Help></Help>
    <Value></Value>
  </Setting>
  <Setting>
    <Name>CSSIndicateChildRoot</Name>
    <Type>String</Type>
    <Help></Help>
    <Value></Value>
  </Setting>
  <Setting>
    <Name>CSSBreadCrumbRoot</Name>
    <Type>String</Type>
    <Help></Help>
    <Value></Value>
  </Setting>
  <Setting>
    <Name>CSSBreadCrumbSub</Name>
    <Type>String</Type>
    <Help></Help>
    <Value></Value>
  </Setting>
  <Setting>
    <Name>CSSNodeRoot</Name>
    <Type>String</Type>
    <Help></Help>
    <Value></Value>
  </Setting>
  <Setting>
    <Name>CSSNodeSelectedRoot</Name>
    <Type>String</Type>
    <Help></Help>
    <Value></Value>
  </Setting>
  <Setting>
    <Name>CSSNodeSelectedSub</Name>
    <Type>String</Type>
    <Help></Help>
    <Value></Value>
  </Setting>
  <Setting>
    <Name>CSSNodeHoverRoot</Name>
    <Type>String</Type>
    <Help></Help>
    <Value></Value>
  </Setting>
  <Setting>
    <Name>CSSNodeHoverSub</Name>
    <Type>String</Type>
    <Help></Help>
    <Value></Value>
  </Setting>
  <Setting>
    <Name>CSSSeparator</Name>
    <Type>String</Type>
    <Help></Help>
    <Value></Value>
  </Setting>
  <Setting>
    <Name>CSSLeftSeparator</Name>
    <Type>String</Type>
    <Help></Help>
    <Value></Value>
  </Setting>
  <Setting>
    <Name>CSSRightSeparator</Name>
    <Type>String</Type>
    <Help></Help>
    <Value></Value>
  </Setting>
  <Setting>
    <Name>CSSLeftSeparatorSelection</Name>
    <Type>String</Type>
    <Help></Help>
    <Value></Value>
  </Setting>
  <Setting>
    <Name>CSSRightSeparatorSelection</Name>
    <Type>String</Type>
    <Help></Help>
    <Value></Value>
  </Setting>
  <Setting>
    <Name>CSSLeftSeparatorBreadCrumb</Name>
    <Type>String</Type>
    <Help></Help>
    <Value></Value>
  </Setting>
  <Setting>
    <Name>CSSRightSeparatorBreadCrumb</Name>
    <Type>String</Type>
    <Help></Help>
    <Value></Value>
  </Setting>
  <Setting>
    <Name>StyleBackColor</Name>
    <Type>String</Type>
    <Help></Help>
    <Value></Value>
  </Setting>
  <Setting>
    <Name>StyleForeColor</Name>
    <Type>String</Type>
    <Help></Help>
    <Value></Value>
  </Setting>
  <Setting>
    <Name>StyleHighlightColor</Name>
    <Type>String</Type>
    <Help></Help>
    <Value></Value>
  </Setting>
  <Setting>
    <Name>StyleIconBackColor</Name>
    <Type>String</Type>
    <Help></Help>
    <Value></Value>
  </Setting>
  <Setting>
    <Name>StyleSelectionBorderColor</Name>
    <Type>String</Type>
    <Help></Help>
    <Value></Value>
  </Setting>
  <Setting>
    <Name>StyleSelectionColor</Name>
    <Type>String</Type>
    <Help></Help>
    <Value></Value>
  </Setting>
  <Setting>
    <Name>StyleSelectionForeColor</Name>
    <Type>String</Type>
    <Help></Help>
    <Value></Value>
  </Setting>
  <Setting>
    <Name>StyleControlHeight</Name>
    <Type>String</Type>
    <Help></Help>
    <Value></Value>
  </Setting>
  <Setting>
    <Name>StyleNodeHeight</Name>
    <Type>String</Type>
    <Help></Help>
    <Value></Value>
  </Setting>
  <Setting>
    <Name>StyleIconWidth</Name>
    <Type>String</Type>
    <Help></Help>
    <Value></Value>
  </Setting>
  <Setting>
    <Name>StyleFontNames</Name>
    <Type>String</Type>
    <Help></Help>
    <Value></Value>
  </Setting>
  <Setting>
    <Name>StyleFontSize</Name>
    <Type>String</Type>
    <Help></Help>
    <Value></Value>
  </Setting>
  <Setting>
    <Name>StyleFontBold</Name>
    <Type>String</Type>
    <Help></Help>
    <Value></Value>
  </Setting>
  <Setting>
    <Name>EffectsShadowColor</Name>
    <Type>String</Type>
    <Help></Help>
    <Value></Value>
  </Setting>
  <Setting>
    <Name>EffectsStyle</Name>
    <Type>String</Type>
    <Help></Help>
    <Value></Value>
  </Setting>
  <Setting>
    <Name>EffectsShadowStrength</Name>
    <Type>String</Type>
    <Help></Help>
    <Value></Value>
  </Setting>
  <Setting>
    <Name>EffectsTransition</Name>
    <Type>String</Type>
    <Help></Help>
    <Value></Value>
  </Setting>
  <Setting>
    <Name>EffectsDuration</Name>
    <Type>String</Type>
    <Help></Help>
    <Value></Value>
  </Setting>
  <Setting>
    <Name>EffectsShadowDirection</Name>
    <Type>String</Type>
    <Help></Help>
    <Value></Value>
  </Setting>
</Settings>
